--
-- PostgreSQL database dump
--


-- Dumped from database version 18.1
-- Dumped by pg_dump version 18.1

-- Started on 2026-04-03 16:10:01

SET statement_timeout = 0;
SET lock_timeout = 0;
SET idle_in_transaction_session_timeout = 0;
SET transaction_timeout = 0;
SET client_encoding = 'UTF8';
SET standard_conforming_strings = on;
SELECT pg_catalog.set_config('search_path', '', false);
SET check_function_bodies = false;
SET xmloption = content;
SET client_min_messages = warning;
SET row_security = off;

SET default_tablespace = '';

SET default_table_access_method = heap;

--
-- TOC entry 228 (class 1259 OID 16953)
-- Name: classifica; Type: TABLE; Schema: public; Owner: postgres
--

CREATE TABLE public.classifica (
    id integer NOT NULL,
    squadra character varying(100) NOT NULL,
    pt integer DEFAULT 0,
    g integer DEFAULT 0,
    v integer DEFAULT 0,
    n integer DEFAULT 0,
    p integer DEFAULT 0,
    dr integer DEFAULT 0,
    is_morra boolean DEFAULT false
);


ALTER TABLE public.classifica OWNER TO postgres;

--
-- TOC entry 227 (class 1259 OID 16952)
-- Name: classifica_id_seq; Type: SEQUENCE; Schema: public; Owner: postgres
--

ALTER TABLE public.classifica ALTER COLUMN id ADD GENERATED BY DEFAULT AS IDENTITY (
    SEQUENCE NAME public.classifica_id_seq
    START WITH 1
    INCREMENT BY 1
    NO MINVALUE
    NO MAXVALUE
    CACHE 1
);


--
-- TOC entry 235 (class 1259 OID 17038)
-- Name: cronaca_live; Type: TABLE; Schema: public; Owner: postgres
--

CREATE TABLE public.cronaca_live (
    id integer NOT NULL,
    id_partita integer,
    minuto character varying(10) NOT NULL,
    tipo_evento character varying(20) NOT NULL,
    testo text NOT NULL,
    data_inserimento timestamp without time zone DEFAULT CURRENT_TIMESTAMP
);


ALTER TABLE public.cronaca_live OWNER TO postgres;

--
-- TOC entry 234 (class 1259 OID 17037)
-- Name: cronaca_live_id_seq; Type: SEQUENCE; Schema: public; Owner: postgres
--

CREATE SEQUENCE public.cronaca_live_id_seq
    AS integer
    START WITH 1
    INCREMENT BY 1
    NO MINVALUE
    NO MAXVALUE
    CACHE 1;


ALTER SEQUENCE public.cronaca_live_id_seq OWNER TO postgres;

--
-- TOC entry 5117 (class 0 OID 0)
-- Dependencies: 234
-- Name: cronaca_live_id_seq; Type: SEQUENCE OWNED BY; Schema: public; Owner: postgres
--

ALTER SEQUENCE public.cronaca_live_id_seq OWNED BY public.cronaca_live.id;


--
-- TOC entry 230 (class 1259 OID 16979)
-- Name: formazione_giocatori; Type: TABLE; Schema: public; Owner: postgres
--

CREATE TABLE public.formazione_giocatori (
    id_partita integer NOT NULL,
    id_giocatore integer NOT NULL,
    linea integer NOT NULL,
    ordine_orizzontale integer NOT NULL
);


ALTER TABLE public.formazione_giocatori OWNER TO postgres;

--
-- TOC entry 229 (class 1259 OID 16967)
-- Name: formazioni_setup; Type: TABLE; Schema: public; Owner: postgres
--

CREATE TABLE public.formazioni_setup (
    id_partita integer NOT NULL,
    modulo character varying(10) DEFAULT '4-4-2'::character varying
);


ALTER TABLE public.formazioni_setup OWNER TO postgres;

--
-- TOC entry 220 (class 1259 OID 16899)
-- Name: giocatori; Type: TABLE; Schema: public; Owner: postgres
--

CREATE TABLE public.giocatori (
    id integer NOT NULL,
    nome character varying(100) NOT NULL,
    nascita character varying(20),
    ruolo character varying(3),
    gol integer DEFAULT 0,
    presenze integer DEFAULT 0,
    ammonizioni integer DEFAULT 0,
    espulsioni integer DEFAULT 0,
    CONSTRAINT giocatori_ruolo_check CHECK (((ruolo)::text = ANY ((ARRAY['POR'::character varying, 'DIF'::character varying, 'CEN'::character varying, 'ATT'::character varying])::text[])))
);


ALTER TABLE public.giocatori OWNER TO postgres;

--
-- TOC entry 219 (class 1259 OID 16898)
-- Name: giocatori_id_seq; Type: SEQUENCE; Schema: public; Owner: postgres
--

ALTER TABLE public.giocatori ALTER COLUMN id ADD GENERATED BY DEFAULT AS IDENTITY (
    SEQUENCE NAME public.giocatori_id_seq
    START WITH 1
    INCREMENT BY 1
    NO MINVALUE
    NO MAXVALUE
    CACHE 1
);


--
-- TOC entry 224 (class 1259 OID 16925)
-- Name: messaggi; Type: TABLE; Schema: public; Owner: postgres
--

CREATE TABLE public.messaggi (
    id integer NOT NULL,
    id_utente integer,
    testo text NOT NULL,
    data_invio timestamp without time zone DEFAULT CURRENT_TIMESTAMP
);


ALTER TABLE public.messaggi OWNER TO postgres;

--
-- TOC entry 223 (class 1259 OID 16924)
-- Name: messaggi_id_seq; Type: SEQUENCE; Schema: public; Owner: postgres
--

ALTER TABLE public.messaggi ALTER COLUMN id ADD GENERATED BY DEFAULT AS IDENTITY (
    SEQUENCE NAME public.messaggi_id_seq
    START WITH 1
    INCREMENT BY 1
    NO MINVALUE
    NO MAXVALUE
    CACHE 1
);


--
-- TOC entry 231 (class 1259 OID 16998)
-- Name: panchina; Type: TABLE; Schema: public; Owner: postgres
--

CREATE TABLE public.panchina (
    id_partita integer NOT NULL,
    id_giocatore integer NOT NULL
);


ALTER TABLE public.panchina OWNER TO postgres;

--
-- TOC entry 226 (class 1259 OID 16941)
-- Name: partite; Type: TABLE; Schema: public; Owner: postgres
--

CREATE TABLE public.partite (
    id integer NOT NULL,
    giornata integer NOT NULL,
    casa character varying(100) NOT NULL,
    ospite character varying(100) NOT NULL,
    data_match timestamp without time zone NOT NULL,
    giocata boolean DEFAULT false,
    gol_casa integer,
    gol_ospite integer
);


ALTER TABLE public.partite OWNER TO postgres;

--
-- TOC entry 225 (class 1259 OID 16940)
-- Name: partite_id_seq; Type: SEQUENCE; Schema: public; Owner: postgres
--

ALTER TABLE public.partite ALTER COLUMN id ADD GENERATED BY DEFAULT AS IDENTITY (
    SEQUENCE NAME public.partite_id_seq
    START WITH 1
    INCREMENT BY 1
    NO MINVALUE
    NO MAXVALUE
    CACHE 1
);


--
-- TOC entry 233 (class 1259 OID 17016)
-- Name: sostituzioni; Type: TABLE; Schema: public; Owner: postgres
--

CREATE TABLE public.sostituzioni (
    id integer NOT NULL,
    id_partita integer,
    id_entra integer,
    id_esce integer
);


ALTER TABLE public.sostituzioni OWNER TO postgres;

--
-- TOC entry 232 (class 1259 OID 17015)
-- Name: sostituzioni_id_seq; Type: SEQUENCE; Schema: public; Owner: postgres
--

ALTER TABLE public.sostituzioni ALTER COLUMN id ADD GENERATED BY DEFAULT AS IDENTITY (
    SEQUENCE NAME public.sostituzioni_id_seq
    START WITH 1
    INCREMENT BY 1
    NO MINVALUE
    NO MAXVALUE
    CACHE 1
);


--
-- TOC entry 222 (class 1259 OID 16912)
-- Name: utenti; Type: TABLE; Schema: public; Owner: postgres
--

CREATE TABLE public.utenti (
    id integer NOT NULL,
    nome character varying(50) NOT NULL,
    email character varying(100) NOT NULL,
    password character varying(255) NOT NULL,
    giocatore_preferito character varying(50),
    ruolo character varying(20) DEFAULT 'tifoso'::character varying
);


ALTER TABLE public.utenti OWNER TO postgres;

--
-- TOC entry 221 (class 1259 OID 16911)
-- Name: utenti_id_seq; Type: SEQUENCE; Schema: public; Owner: postgres
--

ALTER TABLE public.utenti ALTER COLUMN id ADD GENERATED BY DEFAULT AS IDENTITY (
    SEQUENCE NAME public.utenti_id_seq
    START WITH 1
    INCREMENT BY 1
    NO MINVALUE
    NO MAXVALUE
    CACHE 1
);


--
-- TOC entry 4913 (class 2604 OID 17041)
-- Name: cronaca_live id; Type: DEFAULT; Schema: public; Owner: postgres
--

ALTER TABLE ONLY public.cronaca_live ALTER COLUMN id SET DEFAULT nextval('public.cronaca_live_id_seq'::regclass);


--
-- TOC entry 5104 (class 0 OID 16953)
-- Dependencies: 228
-- Data for Name: classifica; Type: TABLE DATA; Schema: public; Owner: postgres
--

COPY public.classifica (id, squadra, pt, g, v, n, p, dr, is_morra) FROM stdin;
1	Castelfranci	32	12	10	2	0	28	f
2	Teora	30	13	9	3	1	34	f
3	FC Montemarano	29	13	9	2	2	20	f
4	Nusco '75	25	12	8	1	3	16	f
5	Andretta	22	13	6	4	3	6	f
6	ASD Morra De Sanctis	20	13	6	2	5	-2	t
7	Montella Football Academy	13	13	3	4	6	0	f
8	S.S. Giuseppe Siconolfi	9	12	2	3	7	-11	f
9	Sporting Paternopoli	8	13	2	2	9	-22	f
10	Frigento Sturno Sq. B	4	13	0	4	9	-40	f
11	Villamaina	3	13	0	3	10	-29	f
\.


--
-- TOC entry 5111 (class 0 OID 17038)
-- Dependencies: 235
-- Data for Name: cronaca_live; Type: TABLE DATA; Schema: public; Owner: postgres
--

COPY public.cronaca_live (id, id_partita, minuto, tipo_evento, testo, data_inserimento) FROM stdin;
1	1	22	goal	Gol del Morra! Rete di Iannone	2026-04-03 15:43:20.711763
2	1	75	goal	Pareggio in extremis! Segna De Simone	2026-04-03 15:43:20.711763
3	1	40	card	Ammonito Di Pietro M.	2026-04-03 15:43:20.711763
4	2	45	card	Fallo tattico, giallo per Caputo Giancarmine	2026-04-03 15:43:20.711763
5	3	12	goal	Vantaggio Morra! Segna Caputo Davide	2026-04-03 15:43:20.711763
6	3	44	goal	Raddoppio sugli sviluppi di un corner: rete di Iannone	2026-04-03 15:43:20.711763
7	3	80	goal	Tris del Morra a firma di Carino	2026-04-03 15:43:20.711763
8	3	55	card	Giallo per Chieffo	2026-04-03 15:43:20.711763
9	4	35	goal	Gol per il Morra De Sanctis, a segno Di Sapio	2026-04-03 15:43:20.711763
10	4	70	card	Ammonito Rullo per fallo tattico	2026-04-03 15:43:20.711763
11	5	15	goal	Apre le marcature Caputo Davide	2026-04-03 15:43:20.711763
12	5	50	goal	Raddoppio del Morra con Di Sapio	2026-04-03 15:43:20.711763
13	5	85	goal	La chiude definitivamente Di Pietro Giuseppe	2026-04-03 15:43:20.711763
14	5	30	card	Cartellino giallo per Di Paolo	2026-04-03 15:43:20.711763
15	6	45	card	Ammonito Sperduto prima dell'intervallo	2026-04-03 15:43:20.711763
16	7	10	goal	Inizia la goleada: rete di Pennella	2026-04-03 15:43:20.711763
17	7	22	goal	Raddoppio firmato da Famiglietti	2026-04-03 15:43:20.711763
18	7	35	goal	Incredibile sfortuna per i padroni di casa: Autogoal a favore del Morra	2026-04-03 15:43:20.711763
19	7	55	goal	Poker calato da Carino	2026-04-03 15:43:20.711763
20	7	70	goal	C'è gloria anche per De Simone, rete!	2026-04-03 15:43:20.711763
21	7	88	goal	Sesto gol del Morra con Di Pietro Giuseppe	2026-04-03 15:43:20.711763
22	8	75	goal	Gol partita e tre punti d'oro: segna Caputo Davide	2026-04-03 15:43:20.711763
23	8	25	card	Ammonito Caputo Giancarmine	2026-04-03 15:43:20.711763
24	10	60	card	Ammonizione per Carino	2026-04-03 15:43:20.711763
25	11	82	goal	Gol della bandiera per il Morra, trasforma Peluso	2026-04-03 15:43:20.711763
26	11	33	card	Ammonito Di Pietro M.	2026-04-03 15:43:20.711763
27	12	18	goal	Morra in vantaggio con Di Paolo	2026-04-03 15:43:20.711763
28	12	45	goal	Raddoppio allo scadere del primo tempo: rete di Carino	2026-04-03 15:43:20.711763
29	12	78	goal	Tris calato da Di Pietro Giuseppe	2026-04-03 15:43:20.711763
30	12	50	card	Giallo per Fruccio	2026-04-03 15:43:20.711763
31	13	65	red	Rosso diretto! Espulsione per Fruccio in una gara da dimenticare	2026-04-03 15:43:20.711763
32	13	20	card	Ammonizione per Chieffo	2026-04-03 15:43:20.711763
33	14	25	goal	Si sblocca il match, in rete Caputo Davide	2026-04-03 15:43:20.711763
34	14	60	goal	Nuovo allungo del Morra, segna Mignone	2026-04-03 15:43:20.711763
35	14	85	goal	Chiude i conti la rete di Iannone	2026-04-03 15:43:20.711763
36	14	40	card	Cartellino giallo per Rullo	2026-04-03 15:43:20.711763
\.


--
-- TOC entry 5106 (class 0 OID 16979)
-- Dependencies: 230
-- Data for Name: formazione_giocatori; Type: TABLE DATA; Schema: public; Owner: postgres
--

COPY public.formazione_giocatori (id_partita, id_giocatore, linea, ordine_orizzontale) FROM stdin;
1	6	1	1
1	12	2	1
1	9	2	2
1	22	2	3
1	11	3	1
1	15	3	2
1	3	3	3
1	1	3	4
1	10	3	5
1	13	5	1
1	16	5	2
2	24	1	1
2	12	2	1
2	9	2	2
2	22	2	3
2	11	3	1
2	15	3	2
2	3	3	3
2	1	3	4
2	10	3	5
2	13	5	1
2	16	5	2
3	6	1	1
3	12	2	1
3	9	2	2
3	22	2	3
3	23	2	4
3	3	3	1
3	4	3	2
3	1	3	3
3	18	5	1
3	16	5	2
3	10	5	3
4	24	1	1
4	9	2	1
4	22	2	2
4	23	2	3
4	3	3	1
4	15	3	2
4	4	3	3
4	1	3	4
4	10	3	5
4	16	5	1
4	11	5	2
5	24	1	1
5	3	2	1
5	9	2	2
5	22	2	3
5	12	2	4
5	10	3	1
5	2	3	2
5	4	3	3
5	1	4	1
5	13	5	1
5	8	5	2
6	24	1	1
6	9	2	1
6	2	2	2
6	12	2	3
6	3	3	1
6	16	3	2
6	4	3	3
6	13	3	4
6	26	3	5
6	1	5	1
6	8	5	2
7	20	1	1
7	26	2	1
7	12	2	2
7	22	2	3
7	23	2	4
7	3	3	1
7	4	3	2
7	1	3	3
7	14	4	1
7	16	5	1
7	13	5	2
8	20	1	1
8	12	2	1
8	9	2	2
8	22	2	3
8	23	2	4
8	3	3	1
8	4	3	2
8	2	3	3
8	1	5	1
8	8	5	2
8	13	5	3
10	20	1	1
10	3	2	1
10	9	2	2
10	22	2	3
10	23	2	4
10	10	3	1
10	2	3	2
10	4	3	3
10	13	5	1
10	7	5	2
10	1	5	3
11	20	1	1
11	12	2	1
11	9	2	2
11	22	2	3
11	23	2	4
11	4	3	1
11	17	3	2
11	13	4	1
11	1	4	2
11	3	4	3
11	25	5	1
12	20	1	1
12	12	2	1
12	9	2	2
12	4	2	3
12	10	2	4
12	3	3	1
12	2	3	2
12	1	3	3
12	26	3	4
12	16	5	1
12	13	5	2
13	20	1	1
13	12	2	1
13	9	2	2
13	4	2	3
13	10	2	4
13	3	3	1
13	1	3	2
13	16	3	3
13	26	3	4
13	7	5	1
13	13	5	2
14	20	1	1
14	3	2	1
14	12	2	2
14	4	2	3
14	10	2	4
14	26	3	1
14	1	3	2
14	2	3	3
14	13	3	4
14	7	5	1
14	16	5	2
\.


--
-- TOC entry 5105 (class 0 OID 16967)
-- Dependencies: 229
-- Data for Name: formazioni_setup; Type: TABLE DATA; Schema: public; Owner: postgres
--

COPY public.formazioni_setup (id_partita, modulo) FROM stdin;
1	3-5-2
2	3-5-2
3	4-3-3
4	3-5-2
5	4-3-1-2
6	3-5-2
7	4-3-1-2
8	4-3-3
10	4-3-3
11	4-2-3-1
12	4-4-2
13	4-4-2
14	4-4-2
\.


--
-- TOC entry 5096 (class 0 OID 16899)
-- Dependencies: 220
-- Data for Name: giocatori; Type: TABLE DATA; Schema: public; Owner: postgres
--

COPY public.giocatori (id, nome, nascita, ruolo, gol, presenze, ammonizioni, espulsioni) FROM stdin;
1	Caputo Davide	09-06-2006	CEN	4	13	2	0
2	Caputo Giancarmine	15-04-2000	CEN	0	9	1	0
3	Carino Gerardo	29-06-2000	CEN	3	13	2	0
4	Chieffo Alessandro	28-09-1995	CEN	0	11	3	0
5	Ciccone Gabriele	27-01-2005	DIF	0	2	0	0
6	Covino Benedetto	24-10-2006	POR	0	2	0	0
7	De Simone Bruno	23-01-1998	ATT	2	8	1	0
8	Di Leo Andrea	14-05-2007	ATT	0	4	0	0
9	Fruccio Donato	28-04-2008	DIF	0	11	2	1
10	Di Paolo Pietro	02-06-1998	CEN	1	9	1	0
11	Di Pietro Giuseppe	14-03-2006	ATT	3	12	0	0
12	Di Pietro Mario	26-01-1999	DIF	0	13	2	0
13	Di Sapio Antonio	25-09-1996	ATT	2	12	1	0
14	Famiglietti Michele	31-10-1993	CEN	1	3	0	0
15	Damiano Gianluigi	22-09-2004	CEN	0	4	0	0
16	Iannone Francesco	19-04-1988	CEN	3	10	2	0
17	Lombardi Cristian	30-12-2005	CEN	0	6	0	0
18	Mignone Gerardo Valentino	14-02-2005	ATT	1	5	0	0
19	Pelosi Renzo	04-12-1996	DIF	0	0	0	0
20	Peluso Dennis Antonio	27-06-2005	POR	1	7	1	0
21	Pennella Antony	18-01-2002	DIF	1	3	0	0
22	Rullo Carmine	20-09-1999	DIF	0	9	1	0
23	Sperduto Marco	20-06-1997	DIF	0	9	2	0
24	Vitiello Roberto	12-11-1998	POR	0	4	0	0
25	Gaetano Antoniello	15-09-1989	ATT	0	2	0	0
26	Di Matteo Pasquale	10-05-2004	CEN	0	5	1	0
27	Di Conza Mattia	2004-02-17	ATT	0	2	0	0
28	Di Luzio Vincenzo	1994-11-12	CEN	0	2	0	0
\.


--
-- TOC entry 5100 (class 0 OID 16925)
-- Dependencies: 224
-- Data for Name: messaggi; Type: TABLE DATA; Schema: public; Owner: postgres
--

COPY public.messaggi (id, id_utente, testo, data_invio) FROM stdin;
1	1	Dai ragazzi portiamo a casa i 3 punti, non molliamo!!	2026-02-24 13:04:33.000607
2	2	Mister, torniamo alle origini! Mettiamo giù un bel 4-4-2, compatti e cattivi in mezzo al campo. Meno esperimenti strani, più sostanza...	2026-02-24 16:48:21.478685
3	3	Domenica voglio vedere gli spalti pieni! In Terza Categoria la differenza la fa chi ha più fame...	2026-02-24 16:54:08.922817
4	4	Ragazzi, per la trasferta di settimana prossima stiamo organizzando le macchine. Chi si unisce?	2026-02-25 15:10:23.473336
5	5	Ragazzi, vincere è bello, ma il terzo tempo al bar del paese tutti sporchi di fango è la vera magia...	2026-02-25 15:12:25.345928
6	6	Volevo fare un applauso ai ragazzini che domenica sono entrati dalla panchina con gli occhi della tigre...	2026-02-25 15:14:02.117508
7	6	Forza Volturara!!	2026-02-25 15:14:02.117509
\.


--
-- TOC entry 5107 (class 0 OID 16998)
-- Dependencies: 231
-- Data for Name: panchina; Type: TABLE DATA; Schema: public; Owner: postgres
--

COPY public.panchina (id_partita, id_giocatore) FROM stdin;
1	17
1	7
1	27
1	23
1	24
1	19
1	5
1	18
2	18
2	17
2	27
2	21
2	23
2	5
2	28
2	7
2	6
3	5
3	11
3	15
3	17
3	24
3	19
4	12
4	13
4	7
4	6
4	21
4	28
4	18
4	19
5	21
5	23
5	11
5	6
5	15
5	17
5	18
5	7
6	18
6	7
6	11
6	21
6	23
6	17
6	28
6	5
6	6
7	7
7	11
7	8
7	21
7	17
7	5
7	10
7	2
7	24
8	16
8	11
8	2
8	14
8	7
8	18
8	17
8	24
10	12
10	21
10	25
10	14
10	11
10	5
10	17
10	18
10	24
11	2
11	11
11	28
11	24
11	18
11	7
11	26
11	5
12	5
12	7
12	11
12	17
12	23
12	18
12	24
13	18
13	28
13	11
13	5
13	17
13	24
14	2
14	11
14	18
14	23
14	24
14	5
\.


--
-- TOC entry 5102 (class 0 OID 16941)
-- Dependencies: 226
-- Data for Name: partite; Type: TABLE DATA; Schema: public; Owner: postgres
--

COPY public.partite (id, giornata, casa, ospite, data_match, giocata, gol_casa, gol_ospite) FROM stdin;
1	1	Montella Football Academy	ASD Morra De Sanctis	2025-09-15 15:00:00	t	2	2
2	2	ASD Morra De Sanctis	Teora	2025-09-22 15:00:00	t	0	1
3	3	Villamaina	ASD Morra De Sanctis	2025-09-29 15:00:00	t	1	3
4	4	Sporting Paternopoli	ASD Morra De Sanctis	2025-10-06 15:00:00	t	1	1
5	5	S.S. Giuseppe Siconolfi	ASD Morra De Sanctis	2025-10-13 15:00:00	t	1	3
6	6	ASD Morra De Sanctis	Castelfranci	2025-10-20 15:00:00	t	0	4
7	7	Frigento Sturno Sq. B	ASD Morra De Sanctis	2025-10-27 15:00:00	t	1	6
8	8	ASD Morra De Sanctis	Andretta	2025-11-03 15:00:00	t	1	0
10	10	FC Montemarano	ASD Morra De Sanctis	2025-11-17 15:00:00	t	3	0
11	11	ASD Morra De Sanctis	Nusco '75	2025-11-24 15:00:00	t	1	4
12	12	ASD Morra De Sanctis	Montella Football Academy	2025-12-01 15:00:00	t	3	1
13	13	Teora	ASD Morra De Sanctis	2025-12-08 15:00:00	t	5	0
14	14	ASD Morra De Sanctis	Villamaina	2025-12-15 15:00:00	t	3	1
15	15	Sporting Paternopoli	ASD Morra De Sanctis	2026-01-11 15:00:00	f	\N	\N
16	16	ASD Morra De Sanctis	S.S. Giuseppe Siconolfi	2026-01-18 15:00:00	f	\N	\N
17	17	Castelfranci	ASD Morra De Sanctis	2026-01-25 15:00:00	f	\N	\N
18	18	ASD Morra De Sanctis	Frigento Sturno Sq. B	2026-02-01 15:00:00	f	\N	\N
19	19	Andretta	ASD Morra De Sanctis	2026-02-08 15:00:00	f	\N	\N
21	21	ASD Morra De Sanctis	FC Montemarano	2026-02-22 15:00:00	f	\N	\N
22	22	Nusco '75	ASD Morra De Sanctis	2026-03-01 15:00:00	f	\N	\N
\.


--
-- TOC entry 5109 (class 0 OID 17016)
-- Dependencies: 233
-- Data for Name: sostituzioni; Type: TABLE DATA; Schema: public; Owner: postgres
--

COPY public.sostituzioni (id, id_partita, id_entra, id_esce) FROM stdin;
1	1	17	15
2	1	7	11
3	1	27	16
4	1	23	10
5	2	18	11
6	2	17	15
7	2	27	16
8	3	5	23
9	3	11	18
10	3	15	16
11	3	17	1
12	4	12	23
13	4	13	11
14	4	7	15
15	5	21	12
16	5	23	22
17	5	11	8
18	6	18	3
19	6	7	1
20	6	11	26
21	7	7	3
22	7	11	13
23	7	8	14
24	7	21	26
25	7	17	16
26	8	16	8
27	8	11	13
28	8	2	26
29	8	14	9
30	10	12	22
31	10	21	9
32	10	25	7
33	10	14	23
34	11	2	17
35	11	11	25
36	11	28	1
37	12	5	9
38	12	7	26
39	12	11	2
40	12	17	1
41	13	18	12
42	13	28	16
43	13	11	7
44	14	2	17
45	14	11	7
46	14	18	26
47	14	23	13
\.


--
-- TOC entry 5098 (class 0 OID 16912)
-- Dependencies: 222
-- Data for Name: utenti; Type: TABLE DATA; Schema: public; Owner: postgres
--

COPY public.utenti (id, nome, email, password, giocatore_preferito, ruolo) FROM stdin;
1	Gabriele	cixgabry@gmail.com	$2y$10$4n5.0tVS6phicVB6wsOBa.QCWddCLwBQ/I3KHweHKNdULUKR0QT3i	Peppo Show	tifoso
2	Gerardo	gerardocarino00@gmail.com	$2y$10$K6bARJws40EW5bZAe.a1S.CqL/bLxgrwkeRyn81jjjhBVU/KFT59m	Donato Fruccio	tifoso
3	Donato	donatofiniello03@gmail.com	$2y$10$VO8zoXqHl6Bal5V4McWUfu69h/s.xBHv/pxXONoL2UvrsCJMUY7Wu	Gabriele Ciccone	tifoso
4	Lucio	lupolucio07@gmail.com	$2y$10$H32lFTTItdMQO5K.V23y3eyBzhukmSRTy8d6a5U3XJ3x.kdK.0DXS	Antonio Disapio	tifoso
5	Mirko	mirkodellapolla@gmail.com	$2y$10$NRevZQTGXljwydVReV.c4eylCOyR0z9zr3Ex4p4l/BB4V11hg0D5O	Gerardo Carino	tifoso
6	Rosario	rosariobuscetto@gmail.com	$2y$10$FrvRRs3s23wC27yCG2DuuOFm2h5DF0MtC3u3H/D/Je.9XDJSo5yvG	Cristian Lombardi 	tifoso
7	Amministratore	admin@morra.it	$2y$10$92IXUNpkjO0rOQ5byMi.Ye4oKoEa3Ro9llC/.og/at2.uheWG/igi	Tutta la Squadra	admin
8	Mario Di Pietro	mariodipietro99@gmail.com	$2y$10$02LLNH8QGLPC8rZa5E3WJOhh9XcgV6qenwYQwb9xiMxvxT87YmxcO	Davide Caputo	tifoso
\.


--
-- TOC entry 5118 (class 0 OID 0)
-- Dependencies: 227
-- Name: classifica_id_seq; Type: SEQUENCE SET; Schema: public; Owner: postgres
--

SELECT pg_catalog.setval('public.classifica_id_seq', 11, true);


--
-- TOC entry 5119 (class 0 OID 0)
-- Dependencies: 234
-- Name: cronaca_live_id_seq; Type: SEQUENCE SET; Schema: public; Owner: postgres
--

SELECT pg_catalog.setval('public.cronaca_live_id_seq', 36, true);


--
-- TOC entry 5120 (class 0 OID 0)
-- Dependencies: 219
-- Name: giocatori_id_seq; Type: SEQUENCE SET; Schema: public; Owner: postgres
--

SELECT pg_catalog.setval('public.giocatori_id_seq', 28, true);


--
-- TOC entry 5121 (class 0 OID 0)
-- Dependencies: 223
-- Name: messaggi_id_seq; Type: SEQUENCE SET; Schema: public; Owner: postgres
--

SELECT pg_catalog.setval('public.messaggi_id_seq', 7, true);


--
-- TOC entry 5122 (class 0 OID 0)
-- Dependencies: 225
-- Name: partite_id_seq; Type: SEQUENCE SET; Schema: public; Owner: postgres
--

SELECT pg_catalog.setval('public.partite_id_seq', 22, true);


--
-- TOC entry 5123 (class 0 OID 0)
-- Dependencies: 232
-- Name: sostituzioni_id_seq; Type: SEQUENCE SET; Schema: public; Owner: postgres
--

SELECT pg_catalog.setval('public.sostituzioni_id_seq', 47, true);


--
-- TOC entry 5124 (class 0 OID 0)
-- Dependencies: 221
-- Name: utenti_id_seq; Type: SEQUENCE SET; Schema: public; Owner: postgres
--

SELECT pg_catalog.setval('public.utenti_id_seq', 8, true);


--
-- TOC entry 4927 (class 2606 OID 16966)
-- Name: classifica classifica_pkey; Type: CONSTRAINT; Schema: public; Owner: postgres
--

ALTER TABLE ONLY public.classifica
    ADD CONSTRAINT classifica_pkey PRIMARY KEY (id);


--
-- TOC entry 4937 (class 2606 OID 17050)
-- Name: cronaca_live cronaca_live_pkey; Type: CONSTRAINT; Schema: public; Owner: postgres
--

ALTER TABLE ONLY public.cronaca_live
    ADD CONSTRAINT cronaca_live_pkey PRIMARY KEY (id);


--
-- TOC entry 4931 (class 2606 OID 17057)
-- Name: formazione_giocatori formazione_giocatori_pkey; Type: CONSTRAINT; Schema: public; Owner: postgres
--

ALTER TABLE ONLY public.formazione_giocatori
    ADD CONSTRAINT formazione_giocatori_pkey PRIMARY KEY (id_partita, id_giocatore);


--
-- TOC entry 4929 (class 2606 OID 16973)
-- Name: formazioni_setup formazioni_setup_pkey; Type: CONSTRAINT; Schema: public; Owner: postgres
--

ALTER TABLE ONLY public.formazioni_setup
    ADD CONSTRAINT formazioni_setup_pkey PRIMARY KEY (id_partita);


--
-- TOC entry 4917 (class 2606 OID 16910)
-- Name: giocatori giocatori_pkey; Type: CONSTRAINT; Schema: public; Owner: postgres
--

ALTER TABLE ONLY public.giocatori
    ADD CONSTRAINT giocatori_pkey PRIMARY KEY (id);


--
-- TOC entry 4923 (class 2606 OID 16934)
-- Name: messaggi messaggi_pkey; Type: CONSTRAINT; Schema: public; Owner: postgres
--

ALTER TABLE ONLY public.messaggi
    ADD CONSTRAINT messaggi_pkey PRIMARY KEY (id);


--
-- TOC entry 4933 (class 2606 OID 17004)
-- Name: panchina panchina_pkey; Type: CONSTRAINT; Schema: public; Owner: postgres
--

ALTER TABLE ONLY public.panchina
    ADD CONSTRAINT panchina_pkey PRIMARY KEY (id_partita, id_giocatore);


--
-- TOC entry 4925 (class 2606 OID 16951)
-- Name: partite partite_pkey; Type: CONSTRAINT; Schema: public; Owner: postgres
--

ALTER TABLE ONLY public.partite
    ADD CONSTRAINT partite_pkey PRIMARY KEY (id);


--
-- TOC entry 4935 (class 2606 OID 17021)
-- Name: sostituzioni sostituzioni_pkey; Type: CONSTRAINT; Schema: public; Owner: postgres
--

ALTER TABLE ONLY public.sostituzioni
    ADD CONSTRAINT sostituzioni_pkey PRIMARY KEY (id);


--
-- TOC entry 4919 (class 2606 OID 16923)
-- Name: utenti utenti_email_key; Type: CONSTRAINT; Schema: public; Owner: postgres
--

ALTER TABLE ONLY public.utenti
    ADD CONSTRAINT utenti_email_key UNIQUE (email);


--
-- TOC entry 4921 (class 2606 OID 16921)
-- Name: utenti utenti_pkey; Type: CONSTRAINT; Schema: public; Owner: postgres
--

ALTER TABLE ONLY public.utenti
    ADD CONSTRAINT utenti_pkey PRIMARY KEY (id);


--
-- TOC entry 4947 (class 2606 OID 17051)
-- Name: cronaca_live cronaca_live_id_partita_fkey; Type: FK CONSTRAINT; Schema: public; Owner: postgres
--

ALTER TABLE ONLY public.cronaca_live
    ADD CONSTRAINT cronaca_live_id_partita_fkey FOREIGN KEY (id_partita) REFERENCES public.partite(id) ON DELETE CASCADE;


--
-- TOC entry 4940 (class 2606 OID 16993)
-- Name: formazione_giocatori formazione_giocatori_id_giocatore_fkey; Type: FK CONSTRAINT; Schema: public; Owner: postgres
--

ALTER TABLE ONLY public.formazione_giocatori
    ADD CONSTRAINT formazione_giocatori_id_giocatore_fkey FOREIGN KEY (id_giocatore) REFERENCES public.giocatori(id) ON DELETE CASCADE;


--
-- TOC entry 4941 (class 2606 OID 16988)
-- Name: formazione_giocatori formazione_giocatori_id_partita_fkey; Type: FK CONSTRAINT; Schema: public; Owner: postgres
--

ALTER TABLE ONLY public.formazione_giocatori
    ADD CONSTRAINT formazione_giocatori_id_partita_fkey FOREIGN KEY (id_partita) REFERENCES public.partite(id) ON DELETE CASCADE;


--
-- TOC entry 4939 (class 2606 OID 16974)
-- Name: formazioni_setup formazioni_setup_id_partita_fkey; Type: FK CONSTRAINT; Schema: public; Owner: postgres
--

ALTER TABLE ONLY public.formazioni_setup
    ADD CONSTRAINT formazioni_setup_id_partita_fkey FOREIGN KEY (id_partita) REFERENCES public.partite(id) ON DELETE CASCADE;


--
-- TOC entry 4938 (class 2606 OID 16935)
-- Name: messaggi messaggi_id_utente_fkey; Type: FK CONSTRAINT; Schema: public; Owner: postgres
--

ALTER TABLE ONLY public.messaggi
    ADD CONSTRAINT messaggi_id_utente_fkey FOREIGN KEY (id_utente) REFERENCES public.utenti(id) ON DELETE CASCADE;


--
-- TOC entry 4942 (class 2606 OID 17010)
-- Name: panchina panchina_id_giocatore_fkey; Type: FK CONSTRAINT; Schema: public; Owner: postgres
--

ALTER TABLE ONLY public.panchina
    ADD CONSTRAINT panchina_id_giocatore_fkey FOREIGN KEY (id_giocatore) REFERENCES public.giocatori(id) ON DELETE CASCADE;


--
-- TOC entry 4943 (class 2606 OID 17005)
-- Name: panchina panchina_id_partita_fkey; Type: FK CONSTRAINT; Schema: public; Owner: postgres
--

ALTER TABLE ONLY public.panchina
    ADD CONSTRAINT panchina_id_partita_fkey FOREIGN KEY (id_partita) REFERENCES public.partite(id) ON DELETE CASCADE;


--
-- TOC entry 4944 (class 2606 OID 17027)
-- Name: sostituzioni sostituzioni_id_entra_fkey; Type: FK CONSTRAINT; Schema: public; Owner: postgres
--

ALTER TABLE ONLY public.sostituzioni
    ADD CONSTRAINT sostituzioni_id_entra_fkey FOREIGN KEY (id_entra) REFERENCES public.giocatori(id);


--
-- TOC entry 4945 (class 2606 OID 17032)
-- Name: sostituzioni sostituzioni_id_esce_fkey; Type: FK CONSTRAINT; Schema: public; Owner: postgres
--

ALTER TABLE ONLY public.sostituzioni
    ADD CONSTRAINT sostituzioni_id_esce_fkey FOREIGN KEY (id_esce) REFERENCES public.giocatori(id);


--
-- TOC entry 4946 (class 2606 OID 17022)
-- Name: sostituzioni sostituzioni_id_partita_fkey; Type: FK CONSTRAINT; Schema: public; Owner: postgres
--

ALTER TABLE ONLY public.sostituzioni
    ADD CONSTRAINT sostituzioni_id_partita_fkey FOREIGN KEY (id_partita) REFERENCES public.partite(id) ON DELETE CASCADE;


-- Completed on 2026-04-03 16:10:01

--
-- PostgreSQL database dump complete
--

